USE smart_campus;

INSERT INTO sys_user (id, username, password_hash, real_name, user_type) VALUES
(1,'admin','$2a$12$dZN1s4L19YWQ.Ijwe3JYUuisPkotBcbrD8lJUHq3I/nl9J6G1zXEa','系统管理员','ADMIN'),
(2,'teacher01','$2a$12$8jApjdrDWpXo2FFnQHdVw.uW445XZlZ/3e7wDIsI0fB1Ui1o.L/Hq','李明','TEACHER'),
(3,'teacher02','$2a$12$8jApjdrDWpXo2FFnQHdVw.uW445XZlZ/3e7wDIsI0fB1Ui1o.L/Hq','陈思','TEACHER'),
(4,'teacher03','$2a$12$8jApjdrDWpXo2FFnQHdVw.uW445XZlZ/3e7wDIsI0fB1Ui1o.L/Hq','周岚','TEACHER'),
(5,'teacher04','$2a$12$8jApjdrDWpXo2FFnQHdVw.uW445XZlZ/3e7wDIsI0fB1Ui1o.L/Hq','何嘉宁','TEACHER'),
(6,'teacher05','$2a$12$8jApjdrDWpXo2FFnQHdVw.uW445XZlZ/3e7wDIsI0fB1Ui1o.L/Hq','赵书涵','TEACHER'),
(7,'teacher06','$2a$12$8jApjdrDWpXo2FFnQHdVw.uW445XZlZ/3e7wDIsI0fB1Ui1o.L/Hq','梁启航','TEACHER'),
(8,'202425220101','$2a$12$2KyDvIa8Es3LIaNvYkGiieqboiA5LxdnkNqtWekHzER05u9LiWv2G','张子轩','STUDENT'),
(9,'202425220102','$2a$12$2KyDvIa8Es3LIaNvYkGiieqboiA5LxdnkNqtWekHzER05u9LiWv2G','王雨晴','STUDENT'),
(10,'202425220103','$2a$12$2KyDvIa8Es3LIaNvYkGiieqboiA5LxdnkNqtWekHzER05u9LiWv2G','李亦辰','STUDENT'),
(11,'202425220104','$2a$12$2KyDvIa8Es3LIaNvYkGiieqboiA5LxdnkNqtWekHzER05u9LiWv2G','赵书涵','STUDENT'),
(12,'202425220105','$2a$12$2KyDvIa8Es3LIaNvYkGiieqboiA5LxdnkNqtWekHzER05u9LiWv2G','陈嘉琪','STUDENT'),
(13,'202425220106','$2a$12$2KyDvIa8Es3LIaNvYkGiieqboiA5LxdnkNqtWekHzER05u9LiWv2G','刘子昂','STUDENT'),
(14,'202425220107','$2a$12$2KyDvIa8Es3LIaNvYkGiieqboiA5LxdnkNqtWekHzER05u9LiWv2G','杨沐阳','STUDENT'),
(15,'202425220108','$2a$12$2KyDvIa8Es3LIaNvYkGiieqboiA5LxdnkNqtWekHzER05u9LiWv2G','黄安然','STUDENT'),
(16,'202425220109','$2a$12$2KyDvIa8Es3LIaNvYkGiieqboiA5LxdnkNqtWekHzER05u9LiWv2G','周若溪','STUDENT'),
(17,'202425220110','$2a$12$2KyDvIa8Es3LIaNvYkGiieqboiA5LxdnkNqtWekHzER05u9LiWv2G','吴嘉宁','STUDENT'),
(18,'202425220111','$2a$12$2KyDvIa8Es3LIaNvYkGiieqboiA5LxdnkNqtWekHzER05u9LiWv2G','徐思源','STUDENT'),
(19,'202425220112','$2a$12$2KyDvIa8Es3LIaNvYkGiieqboiA5LxdnkNqtWekHzER05u9LiWv2G','孙语桐','STUDENT'),
(20,'202425220113','$2a$12$2KyDvIa8Es3LIaNvYkGiieqboiA5LxdnkNqtWekHzER05u9LiWv2G','马景行','STUDENT'),
(21,'202425220114','$2a$12$2KyDvIa8Es3LIaNvYkGiieqboiA5LxdnkNqtWekHzER05u9LiWv2G','朱心怡','STUDENT'),
(22,'202425220115','$2a$12$2KyDvIa8Es3LIaNvYkGiieqboiA5LxdnkNqtWekHzER05u9LiWv2G','胡泽宇','STUDENT'),
(23,'202425220116','$2a$12$2KyDvIa8Es3LIaNvYkGiieqboiA5LxdnkNqtWekHzER05u9LiWv2G','郭雅雯','STUDENT'),
(24,'202425220117','$2a$12$2KyDvIa8Es3LIaNvYkGiieqboiA5LxdnkNqtWekHzER05u9LiWv2G','何俊熙','STUDENT'),
(25,'202425220118','$2a$12$2KyDvIa8Es3LIaNvYkGiieqboiA5LxdnkNqtWekHzER05u9LiWv2G','高梓萱','STUDENT'),
(26,'202425220119','$2a$12$2KyDvIa8Es3LIaNvYkGiieqboiA5LxdnkNqtWekHzER05u9LiWv2G','林宇航','STUDENT'),
(27,'202425220120','$2a$12$2KyDvIa8Es3LIaNvYkGiieqboiA5LxdnkNqtWekHzER05u9LiWv2G','罗清越','STUDENT'),
(28,'202425220201','$2a$12$2KyDvIa8Es3LIaNvYkGiieqboiA5LxdnkNqtWekHzER05u9LiWv2G','郑子轩','STUDENT'),
(29,'202425220202','$2a$12$2KyDvIa8Es3LIaNvYkGiieqboiA5LxdnkNqtWekHzER05u9LiWv2G','梁雨晴','STUDENT'),
(30,'202425220203','$2a$12$2KyDvIa8Es3LIaNvYkGiieqboiA5LxdnkNqtWekHzER05u9LiWv2G','谢亦辰','STUDENT'),
(31,'202425220204','$2a$12$2KyDvIa8Es3LIaNvYkGiieqboiA5LxdnkNqtWekHzER05u9LiWv2G','宋书涵','STUDENT'),
(32,'202425220205','$2a$12$2KyDvIa8Es3LIaNvYkGiieqboiA5LxdnkNqtWekHzER05u9LiWv2G','唐嘉琪','STUDENT'),
(33,'202425220206','$2a$12$2KyDvIa8Es3LIaNvYkGiieqboiA5LxdnkNqtWekHzER05u9LiWv2G','许子昂','STUDENT'),
(34,'202425220207','$2a$12$2KyDvIa8Es3LIaNvYkGiieqboiA5LxdnkNqtWekHzER05u9LiWv2G','韩沐阳','STUDENT'),
(35,'202425220208','$2a$12$2KyDvIa8Es3LIaNvYkGiieqboiA5LxdnkNqtWekHzER05u9LiWv2G','冯安然','STUDENT'),
(36,'202425220209','$2a$12$2KyDvIa8Es3LIaNvYkGiieqboiA5LxdnkNqtWekHzER05u9LiWv2G','邓若溪','STUDENT'),
(37,'202425220210','$2a$12$2KyDvIa8Es3LIaNvYkGiieqboiA5LxdnkNqtWekHzER05u9LiWv2G','曹嘉宁','STUDENT'),
(38,'202425220211','$2a$12$2KyDvIa8Es3LIaNvYkGiieqboiA5LxdnkNqtWekHzER05u9LiWv2G','彭思源','STUDENT'),
(39,'202425220212','$2a$12$2KyDvIa8Es3LIaNvYkGiieqboiA5LxdnkNqtWekHzER05u9LiWv2G','曾语桐','STUDENT'),
(40,'202425220213','$2a$12$2KyDvIa8Es3LIaNvYkGiieqboiA5LxdnkNqtWekHzER05u9LiWv2G','萧景行','STUDENT'),
(41,'202425220214','$2a$12$2KyDvIa8Es3LIaNvYkGiieqboiA5LxdnkNqtWekHzER05u9LiWv2G','田心怡','STUDENT'),
(42,'202425220215','$2a$12$2KyDvIa8Es3LIaNvYkGiieqboiA5LxdnkNqtWekHzER05u9LiWv2G','董泽宇','STUDENT'),
(43,'202425220216','$2a$12$2KyDvIa8Es3LIaNvYkGiieqboiA5LxdnkNqtWekHzER05u9LiWv2G','袁雅雯','STUDENT'),
(44,'202425220217','$2a$12$2KyDvIa8Es3LIaNvYkGiieqboiA5LxdnkNqtWekHzER05u9LiWv2G','潘俊熙','STUDENT'),
(45,'202425220218','$2a$12$2KyDvIa8Es3LIaNvYkGiieqboiA5LxdnkNqtWekHzER05u9LiWv2G','于梓萱','STUDENT'),
(46,'202425220219','$2a$12$2KyDvIa8Es3LIaNvYkGiieqboiA5LxdnkNqtWekHzER05u9LiWv2G','蒋宇航','STUDENT'),
(47,'202425220220','$2a$12$2KyDvIa8Es3LIaNvYkGiieqboiA5LxdnkNqtWekHzER05u9LiWv2G','蔡清越','STUDENT'),
(48,'202425220301','$2a$12$2KyDvIa8Es3LIaNvYkGiieqboiA5LxdnkNqtWekHzER05u9LiWv2G','余子轩','STUDENT'),
(49,'202425220302','$2a$12$2KyDvIa8Es3LIaNvYkGiieqboiA5LxdnkNqtWekHzER05u9LiWv2G','杜雨晴','STUDENT'),
(50,'202425220303','$2a$12$2KyDvIa8Es3LIaNvYkGiieqboiA5LxdnkNqtWekHzER05u9LiWv2G','叶亦辰','STUDENT'),
(51,'202425220304','$2a$12$2KyDvIa8Es3LIaNvYkGiieqboiA5LxdnkNqtWekHzER05u9LiWv2G','程书涵','STUDENT'),
(52,'202425220305','$2a$12$2KyDvIa8Es3LIaNvYkGiieqboiA5LxdnkNqtWekHzER05u9LiWv2G','苏嘉琪','STUDENT'),
(53,'202425220306','$2a$12$2KyDvIa8Es3LIaNvYkGiieqboiA5LxdnkNqtWekHzER05u9LiWv2G','魏子昂','STUDENT'),
(54,'202425220307','$2a$12$2KyDvIa8Es3LIaNvYkGiieqboiA5LxdnkNqtWekHzER05u9LiWv2G','吕沐阳','STUDENT'),
(55,'202425220308','$2a$12$2KyDvIa8Es3LIaNvYkGiieqboiA5LxdnkNqtWekHzER05u9LiWv2G','丁安然','STUDENT'),
(56,'202425220309','$2a$12$2KyDvIa8Es3LIaNvYkGiieqboiA5LxdnkNqtWekHzER05u9LiWv2G','任若溪','STUDENT'),
(57,'202425220310','$2a$12$2KyDvIa8Es3LIaNvYkGiieqboiA5LxdnkNqtWekHzER05u9LiWv2G','沈嘉宁','STUDENT'),
(58,'202425220311','$2a$12$2KyDvIa8Es3LIaNvYkGiieqboiA5LxdnkNqtWekHzER05u9LiWv2G','姚思源','STUDENT'),
(59,'202425220312','$2a$12$2KyDvIa8Es3LIaNvYkGiieqboiA5LxdnkNqtWekHzER05u9LiWv2G','卢语桐','STUDENT'),
(60,'202425220313','$2a$12$2KyDvIa8Es3LIaNvYkGiieqboiA5LxdnkNqtWekHzER05u9LiWv2G','姜景行','STUDENT'),
(61,'202425220314','$2a$12$2KyDvIa8Es3LIaNvYkGiieqboiA5LxdnkNqtWekHzER05u9LiWv2G','崔心怡','STUDENT'),
(62,'202425220315','$2a$12$2KyDvIa8Es3LIaNvYkGiieqboiA5LxdnkNqtWekHzER05u9LiWv2G','钟泽宇','STUDENT'),
(63,'202425220316','$2a$12$2KyDvIa8Es3LIaNvYkGiieqboiA5LxdnkNqtWekHzER05u9LiWv2G','谭雅雯','STUDENT'),
(64,'202425220317','$2a$12$2KyDvIa8Es3LIaNvYkGiieqboiA5LxdnkNqtWekHzER05u9LiWv2G','陆俊熙','STUDENT'),
(65,'202425220318','$2a$12$2KyDvIa8Es3LIaNvYkGiieqboiA5LxdnkNqtWekHzER05u9LiWv2G','汪梓萱','STUDENT'),
(66,'202425220319','$2a$12$2KyDvIa8Es3LIaNvYkGiieqboiA5LxdnkNqtWekHzER05u9LiWv2G','范宇航','STUDENT'),
(67,'202425220320','$2a$12$2KyDvIa8Es3LIaNvYkGiieqboiA5LxdnkNqtWekHzER05u9LiWv2G','金清越','STUDENT'),
(68,'202425310101','$2a$12$2KyDvIa8Es3LIaNvYkGiieqboiA5LxdnkNqtWekHzER05u9LiWv2G','石子轩','STUDENT'),
(69,'202425310102','$2a$12$2KyDvIa8Es3LIaNvYkGiieqboiA5LxdnkNqtWekHzER05u9LiWv2G','廖雨晴','STUDENT'),
(70,'202425310103','$2a$12$2KyDvIa8Es3LIaNvYkGiieqboiA5LxdnkNqtWekHzER05u9LiWv2G','贾亦辰','STUDENT'),
(71,'202425310104','$2a$12$2KyDvIa8Es3LIaNvYkGiieqboiA5LxdnkNqtWekHzER05u9LiWv2G','夏书涵','STUDENT'),
(72,'202425310105','$2a$12$2KyDvIa8Es3LIaNvYkGiieqboiA5LxdnkNqtWekHzER05u9LiWv2G','韦嘉琪','STUDENT'),
(73,'202425310106','$2a$12$2KyDvIa8Es3LIaNvYkGiieqboiA5LxdnkNqtWekHzER05u9LiWv2G','傅子昂','STUDENT'),
(74,'202425310107','$2a$12$2KyDvIa8Es3LIaNvYkGiieqboiA5LxdnkNqtWekHzER05u9LiWv2G','方沐阳','STUDENT'),
(75,'202425310108','$2a$12$2KyDvIa8Es3LIaNvYkGiieqboiA5LxdnkNqtWekHzER05u9LiWv2G','白安然','STUDENT'),
(76,'202425310109','$2a$12$2KyDvIa8Es3LIaNvYkGiieqboiA5LxdnkNqtWekHzER05u9LiWv2G','邹若溪','STUDENT'),
(77,'202425310110','$2a$12$2KyDvIa8Es3LIaNvYkGiieqboiA5LxdnkNqtWekHzER05u9LiWv2G','孟嘉宁','STUDENT'),
(78,'202425310111','$2a$12$2KyDvIa8Es3LIaNvYkGiieqboiA5LxdnkNqtWekHzER05u9LiWv2G','熊思源','STUDENT'),
(79,'202425310112','$2a$12$2KyDvIa8Es3LIaNvYkGiieqboiA5LxdnkNqtWekHzER05u9LiWv2G','秦语桐','STUDENT'),
(80,'202425310113','$2a$12$2KyDvIa8Es3LIaNvYkGiieqboiA5LxdnkNqtWekHzER05u9LiWv2G','邱景行','STUDENT'),
(81,'202425310114','$2a$12$2KyDvIa8Es3LIaNvYkGiieqboiA5LxdnkNqtWekHzER05u9LiWv2G','江心怡','STUDENT'),
(82,'202425310115','$2a$12$2KyDvIa8Es3LIaNvYkGiieqboiA5LxdnkNqtWekHzER05u9LiWv2G','尹泽宇','STUDENT'),
(83,'202425310116','$2a$12$2KyDvIa8Es3LIaNvYkGiieqboiA5LxdnkNqtWekHzER05u9LiWv2G','薛雅雯','STUDENT'),
(84,'202425310117','$2a$12$2KyDvIa8Es3LIaNvYkGiieqboiA5LxdnkNqtWekHzER05u9LiWv2G','闫俊熙','STUDENT'),
(85,'202425310118','$2a$12$2KyDvIa8Es3LIaNvYkGiieqboiA5LxdnkNqtWekHzER05u9LiWv2G','段梓萱','STUDENT'),
(86,'202425310119','$2a$12$2KyDvIa8Es3LIaNvYkGiieqboiA5LxdnkNqtWekHzER05u9LiWv2G','雷宇航','STUDENT'),
(87,'202425310120','$2a$12$2KyDvIa8Es3LIaNvYkGiieqboiA5LxdnkNqtWekHzER05u9LiWv2G','侯清越','STUDENT'),
(88,'202425310201','$2a$12$2KyDvIa8Es3LIaNvYkGiieqboiA5LxdnkNqtWekHzER05u9LiWv2G','龙子轩','STUDENT'),
(89,'202425310202','$2a$12$2KyDvIa8Es3LIaNvYkGiieqboiA5LxdnkNqtWekHzER05u9LiWv2G','史雨晴','STUDENT'),
(90,'202425310203','$2a$12$2KyDvIa8Es3LIaNvYkGiieqboiA5LxdnkNqtWekHzER05u9LiWv2G','陶亦辰','STUDENT'),
(91,'202425310204','$2a$12$2KyDvIa8Es3LIaNvYkGiieqboiA5LxdnkNqtWekHzER05u9LiWv2G','黎书涵','STUDENT'),
(92,'202425310205','$2a$12$2KyDvIa8Es3LIaNvYkGiieqboiA5LxdnkNqtWekHzER05u9LiWv2G','贺嘉琪','STUDENT'),
(93,'202425310206','$2a$12$2KyDvIa8Es3LIaNvYkGiieqboiA5LxdnkNqtWekHzER05u9LiWv2G','顾子昂','STUDENT'),
(94,'202425310207','$2a$12$2KyDvIa8Es3LIaNvYkGiieqboiA5LxdnkNqtWekHzER05u9LiWv2G','毛沐阳','STUDENT'),
(95,'202425310208','$2a$12$2KyDvIa8Es3LIaNvYkGiieqboiA5LxdnkNqtWekHzER05u9LiWv2G','郝安然','STUDENT'),
(96,'202425310209','$2a$12$2KyDvIa8Es3LIaNvYkGiieqboiA5LxdnkNqtWekHzER05u9LiWv2G','龚若溪','STUDENT'),
(97,'202425310210','$2a$12$2KyDvIa8Es3LIaNvYkGiieqboiA5LxdnkNqtWekHzER05u9LiWv2G','邵嘉宁','STUDENT'),
(98,'202425310211','$2a$12$2KyDvIa8Es3LIaNvYkGiieqboiA5LxdnkNqtWekHzER05u9LiWv2G','万思源','STUDENT'),
(99,'202425310212','$2a$12$2KyDvIa8Es3LIaNvYkGiieqboiA5LxdnkNqtWekHzER05u9LiWv2G','钱语桐','STUDENT'),
(100,'202425310213','$2a$12$2KyDvIa8Es3LIaNvYkGiieqboiA5LxdnkNqtWekHzER05u9LiWv2G','严景行','STUDENT'),
(101,'202425310214','$2a$12$2KyDvIa8Es3LIaNvYkGiieqboiA5LxdnkNqtWekHzER05u9LiWv2G','覃心怡','STUDENT'),
(102,'202425310215','$2a$12$2KyDvIa8Es3LIaNvYkGiieqboiA5LxdnkNqtWekHzER05u9LiWv2G','武泽宇','STUDENT'),
(103,'202425310216','$2a$12$2KyDvIa8Es3LIaNvYkGiieqboiA5LxdnkNqtWekHzER05u9LiWv2G','戴雅雯','STUDENT'),
(104,'202425310217','$2a$12$2KyDvIa8Es3LIaNvYkGiieqboiA5LxdnkNqtWekHzER05u9LiWv2G','莫俊熙','STUDENT'),
(105,'202425310218','$2a$12$2KyDvIa8Es3LIaNvYkGiieqboiA5LxdnkNqtWekHzER05u9LiWv2G','孔梓萱','STUDENT'),
(106,'202425310219','$2a$12$2KyDvIa8Es3LIaNvYkGiieqboiA5LxdnkNqtWekHzER05u9LiWv2G','向宇航','STUDENT'),
(107,'202425310220','$2a$12$2KyDvIa8Es3LIaNvYkGiieqboiA5LxdnkNqtWekHzER05u9LiWv2G','汤清越','STUDENT'),
(108,'202425400101','$2a$12$2KyDvIa8Es3LIaNvYkGiieqboiA5LxdnkNqtWekHzER05u9LiWv2G','张子轩','STUDENT'),
(109,'202425400102','$2a$12$2KyDvIa8Es3LIaNvYkGiieqboiA5LxdnkNqtWekHzER05u9LiWv2G','王雨晴','STUDENT'),
(110,'202425400103','$2a$12$2KyDvIa8Es3LIaNvYkGiieqboiA5LxdnkNqtWekHzER05u9LiWv2G','李亦辰','STUDENT'),
(111,'202425400104','$2a$12$2KyDvIa8Es3LIaNvYkGiieqboiA5LxdnkNqtWekHzER05u9LiWv2G','赵书涵','STUDENT'),
(112,'202425400105','$2a$12$2KyDvIa8Es3LIaNvYkGiieqboiA5LxdnkNqtWekHzER05u9LiWv2G','陈嘉琪','STUDENT'),
(113,'202425400106','$2a$12$2KyDvIa8Es3LIaNvYkGiieqboiA5LxdnkNqtWekHzER05u9LiWv2G','刘子昂','STUDENT'),
(114,'202425400107','$2a$12$2KyDvIa8Es3LIaNvYkGiieqboiA5LxdnkNqtWekHzER05u9LiWv2G','杨沐阳','STUDENT'),
(115,'202425400108','$2a$12$2KyDvIa8Es3LIaNvYkGiieqboiA5LxdnkNqtWekHzER05u9LiWv2G','黄安然','STUDENT'),
(116,'202425400109','$2a$12$2KyDvIa8Es3LIaNvYkGiieqboiA5LxdnkNqtWekHzER05u9LiWv2G','周若溪','STUDENT'),
(117,'202425400110','$2a$12$2KyDvIa8Es3LIaNvYkGiieqboiA5LxdnkNqtWekHzER05u9LiWv2G','吴嘉宁','STUDENT'),
(118,'202425400111','$2a$12$2KyDvIa8Es3LIaNvYkGiieqboiA5LxdnkNqtWekHzER05u9LiWv2G','徐思源','STUDENT'),
(119,'202425400112','$2a$12$2KyDvIa8Es3LIaNvYkGiieqboiA5LxdnkNqtWekHzER05u9LiWv2G','孙语桐','STUDENT'),
(120,'202425400113','$2a$12$2KyDvIa8Es3LIaNvYkGiieqboiA5LxdnkNqtWekHzER05u9LiWv2G','马景行','STUDENT'),
(121,'202425400114','$2a$12$2KyDvIa8Es3LIaNvYkGiieqboiA5LxdnkNqtWekHzER05u9LiWv2G','朱心怡','STUDENT'),
(122,'202425400115','$2a$12$2KyDvIa8Es3LIaNvYkGiieqboiA5LxdnkNqtWekHzER05u9LiWv2G','胡泽宇','STUDENT'),
(123,'202425400116','$2a$12$2KyDvIa8Es3LIaNvYkGiieqboiA5LxdnkNqtWekHzER05u9LiWv2G','郭雅雯','STUDENT'),
(124,'202425400117','$2a$12$2KyDvIa8Es3LIaNvYkGiieqboiA5LxdnkNqtWekHzER05u9LiWv2G','何俊熙','STUDENT'),
(125,'202425400118','$2a$12$2KyDvIa8Es3LIaNvYkGiieqboiA5LxdnkNqtWekHzER05u9LiWv2G','高梓萱','STUDENT'),
(126,'202425400119','$2a$12$2KyDvIa8Es3LIaNvYkGiieqboiA5LxdnkNqtWekHzER05u9LiWv2G','林宇航','STUDENT'),
(127,'202425400120','$2a$12$2KyDvIa8Es3LIaNvYkGiieqboiA5LxdnkNqtWekHzER05u9LiWv2G','罗清越','STUDENT');

INSERT INTO sys_role (id, code, name, data_scope) VALUES
(1,'ADMIN','管理员','ALL'),
(2,'TEACHER','教师','TEACHER_OWN'),
(3,'STUDENT','学生','STUDENT_OWN');

INSERT INTO sys_user_role (user_id, role_id) VALUES
(1,1),
(2,2),
(3,2),
(4,2),
(5,2),
(6,2),
(7,2),
(8,3),
(9,3),
(10,3),
(11,3),
(12,3),
(13,3),
(14,3),
(15,3),
(16,3),
(17,3),
(18,3),
(19,3),
(20,3),
(21,3),
(22,3),
(23,3),
(24,3),
(25,3),
(26,3),
(27,3),
(28,3),
(29,3),
(30,3),
(31,3),
(32,3),
(33,3),
(34,3),
(35,3),
(36,3),
(37,3),
(38,3),
(39,3),
(40,3),
(41,3),
(42,3),
(43,3),
(44,3),
(45,3),
(46,3),
(47,3),
(48,3),
(49,3),
(50,3),
(51,3),
(52,3),
(53,3),
(54,3),
(55,3),
(56,3),
(57,3),
(58,3),
(59,3),
(60,3),
(61,3),
(62,3),
(63,3),
(64,3),
(65,3),
(66,3),
(67,3),
(68,3),
(69,3),
(70,3),
(71,3),
(72,3),
(73,3),
(74,3),
(75,3),
(76,3),
(77,3),
(78,3),
(79,3),
(80,3),
(81,3),
(82,3),
(83,3),
(84,3),
(85,3),
(86,3),
(87,3),
(88,3),
(89,3),
(90,3),
(91,3),
(92,3),
(93,3),
(94,3),
(95,3),
(96,3),
(97,3),
(98,3),
(99,3),
(100,3),
(101,3),
(102,3),
(103,3),
(104,3),
(105,3),
(106,3),
(107,3),
(108,3),
(109,3),
(110,3),
(111,3),
(112,3),
(113,3),
(114,3),
(115,3),
(116,3),
(117,3),
(118,3),
(119,3),
(120,3),
(121,3),
(122,3),
(123,3),
(124,3),
(125,3),
(126,3),
(127,3);

INSERT INTO sys_permission (code, name, menu_path, role_code) VALUES
('dashboard:view','我的主页','/','ADMIN'),
('admin:access','管理员后台','/admin','ADMIN'),
('announcement:manage','公告管理','/admin/announcements','ADMIN'),
('config:manage','系统配置','/admin/configs','ADMIN'),
('user:manage','用户管理','/admin/users','ADMIN'),
('role:manage','角色权限','/admin/roles','ADMIN'),
('semester:manage','学期管理','/semesters','ADMIN'),
('course:manage','课程管理','/courses','ADMIN'),
('class:manage','教学班管理','/teaching-classes','ADMIN'),
('schedule:manage','课表管理','/admin/schedules','ADMIN'),
('enrollment:manage','学生名单','/enrollments','ADMIN'),
('grade:manage','成绩管理','/grades','ADMIN'),
('attendance:manage','考勤管理','/attendance','ADMIN'),
('warning:view','考勤预警','/warnings','ADMIN'),
('dashboard:view','我的主页','/','TEACHER'),
('schedule:view','教学课表','/schedule','TEACHER'),
('grade:manage','成绩管理','/grades','TEACHER'),
('attendance:manage','考勤查询','/attendance','TEACHER'),
('warning:view','考勤预警','/warnings','TEACHER'),
('dashboard:view','我的主页','/','STUDENT'),
('student:course:view','我的选课','/my/courses','STUDENT'),
('student:schedule:view','个人课表查询','/schedule','STUDENT'),
('student:class-schedule:view','班级课表查询','/class-schedule','STUDENT'),
('student:calendar:view','校历查询','/calendar','STUDENT'),
('student:grade:view','学生成绩查询','/my/grades','STUDENT'),
('student:gpa:view','绩点排名查询','/gpa-ranking','STUDENT'),
('student:exam:view','考试安排','/exams','STUDENT'),
('student:makeup:view','补考报名','/makeup-exams','STUDENT');

INSERT INTO teacher_profile (id, user_id, teacher_no, department, title) VALUES
(1,2,'T2024001','计算机学院','副教授'),
(2,3,'T2024002','计算机学院','讲师'),
(3,4,'T2024003','数学学院','教授'),
(4,5,'T2024004','外国语学院','讲师'),
(5,6,'T2024005','人工智能学院','副教授'),
(6,7,'T2024006','数据科学学院','讲师');

INSERT INTO student_profile (id, user_id, student_no, major, class_name, grade_year) VALUES
(1,8,'202425220101','软件工程','24软件工程1班',2024),
(2,9,'202425220102','软件工程','24软件工程1班',2024),
(3,10,'202425220103','软件工程','24软件工程1班',2024),
(4,11,'202425220104','软件工程','24软件工程1班',2024),
(5,12,'202425220105','软件工程','24软件工程1班',2024),
(6,13,'202425220106','软件工程','24软件工程1班',2024),
(7,14,'202425220107','软件工程','24软件工程1班',2024),
(8,15,'202425220108','软件工程','24软件工程1班',2024),
(9,16,'202425220109','软件工程','24软件工程1班',2024),
(10,17,'202425220110','软件工程','24软件工程1班',2024),
(11,18,'202425220111','软件工程','24软件工程1班',2024),
(12,19,'202425220112','软件工程','24软件工程1班',2024),
(13,20,'202425220113','软件工程','24软件工程1班',2024),
(14,21,'202425220114','软件工程','24软件工程1班',2024),
(15,22,'202425220115','软件工程','24软件工程1班',2024),
(16,23,'202425220116','软件工程','24软件工程1班',2024),
(17,24,'202425220117','软件工程','24软件工程1班',2024),
(18,25,'202425220118','软件工程','24软件工程1班',2024),
(19,26,'202425220119','软件工程','24软件工程1班',2024),
(20,27,'202425220120','软件工程','24软件工程1班',2024),
(21,28,'202425220201','软件工程','24软件工程2班',2024),
(22,29,'202425220202','软件工程','24软件工程2班',2024),
(23,30,'202425220203','软件工程','24软件工程2班',2024),
(24,31,'202425220204','软件工程','24软件工程2班',2024),
(25,32,'202425220205','软件工程','24软件工程2班',2024),
(26,33,'202425220206','软件工程','24软件工程2班',2024),
(27,34,'202425220207','软件工程','24软件工程2班',2024),
(28,35,'202425220208','软件工程','24软件工程2班',2024),
(29,36,'202425220209','软件工程','24软件工程2班',2024),
(30,37,'202425220210','软件工程','24软件工程2班',2024),
(31,38,'202425220211','软件工程','24软件工程2班',2024),
(32,39,'202425220212','软件工程','24软件工程2班',2024),
(33,40,'202425220213','软件工程','24软件工程2班',2024),
(34,41,'202425220214','软件工程','24软件工程2班',2024),
(35,42,'202425220215','软件工程','24软件工程2班',2024),
(36,43,'202425220216','软件工程','24软件工程2班',2024),
(37,44,'202425220217','软件工程','24软件工程2班',2024),
(38,45,'202425220218','软件工程','24软件工程2班',2024),
(39,46,'202425220219','软件工程','24软件工程2班',2024),
(40,47,'202425220220','软件工程','24软件工程2班',2024),
(41,48,'202425220301','软件工程','24软件工程3班',2024),
(42,49,'202425220302','软件工程','24软件工程3班',2024),
(43,50,'202425220303','软件工程','24软件工程3班',2024),
(44,51,'202425220304','软件工程','24软件工程3班',2024),
(45,52,'202425220305','软件工程','24软件工程3班',2024),
(46,53,'202425220306','软件工程','24软件工程3班',2024),
(47,54,'202425220307','软件工程','24软件工程3班',2024),
(48,55,'202425220308','软件工程','24软件工程3班',2024),
(49,56,'202425220309','软件工程','24软件工程3班',2024),
(50,57,'202425220310','软件工程','24软件工程3班',2024),
(51,58,'202425220311','软件工程','24软件工程3班',2024),
(52,59,'202425220312','软件工程','24软件工程3班',2024),
(53,60,'202425220313','软件工程','24软件工程3班',2024),
(54,61,'202425220314','软件工程','24软件工程3班',2024),
(55,62,'202425220315','软件工程','24软件工程3班',2024),
(56,63,'202425220316','软件工程','24软件工程3班',2024),
(57,64,'202425220317','软件工程','24软件工程3班',2024),
(58,65,'202425220318','软件工程','24软件工程3班',2024),
(59,66,'202425220319','软件工程','24软件工程3班',2024),
(60,67,'202425220320','软件工程','24软件工程3班',2024),
(61,68,'202425310101','数据科学与大数据技术','24数据科学1班',2024),
(62,69,'202425310102','数据科学与大数据技术','24数据科学1班',2024),
(63,70,'202425310103','数据科学与大数据技术','24数据科学1班',2024),
(64,71,'202425310104','数据科学与大数据技术','24数据科学1班',2024),
(65,72,'202425310105','数据科学与大数据技术','24数据科学1班',2024),
(66,73,'202425310106','数据科学与大数据技术','24数据科学1班',2024),
(67,74,'202425310107','数据科学与大数据技术','24数据科学1班',2024),
(68,75,'202425310108','数据科学与大数据技术','24数据科学1班',2024),
(69,76,'202425310109','数据科学与大数据技术','24数据科学1班',2024),
(70,77,'202425310110','数据科学与大数据技术','24数据科学1班',2024),
(71,78,'202425310111','数据科学与大数据技术','24数据科学1班',2024),
(72,79,'202425310112','数据科学与大数据技术','24数据科学1班',2024),
(73,80,'202425310113','数据科学与大数据技术','24数据科学1班',2024),
(74,81,'202425310114','数据科学与大数据技术','24数据科学1班',2024),
(75,82,'202425310115','数据科学与大数据技术','24数据科学1班',2024),
(76,83,'202425310116','数据科学与大数据技术','24数据科学1班',2024),
(77,84,'202425310117','数据科学与大数据技术','24数据科学1班',2024),
(78,85,'202425310118','数据科学与大数据技术','24数据科学1班',2024),
(79,86,'202425310119','数据科学与大数据技术','24数据科学1班',2024),
(80,87,'202425310120','数据科学与大数据技术','24数据科学1班',2024),
(81,88,'202425310201','数据科学与大数据技术','24数据科学2班',2024),
(82,89,'202425310202','数据科学与大数据技术','24数据科学2班',2024),
(83,90,'202425310203','数据科学与大数据技术','24数据科学2班',2024),
(84,91,'202425310204','数据科学与大数据技术','24数据科学2班',2024),
(85,92,'202425310205','数据科学与大数据技术','24数据科学2班',2024),
(86,93,'202425310206','数据科学与大数据技术','24数据科学2班',2024),
(87,94,'202425310207','数据科学与大数据技术','24数据科学2班',2024),
(88,95,'202425310208','数据科学与大数据技术','24数据科学2班',2024),
(89,96,'202425310209','数据科学与大数据技术','24数据科学2班',2024),
(90,97,'202425310210','数据科学与大数据技术','24数据科学2班',2024),
(91,98,'202425310211','数据科学与大数据技术','24数据科学2班',2024),
(92,99,'202425310212','数据科学与大数据技术','24数据科学2班',2024),
(93,100,'202425310213','数据科学与大数据技术','24数据科学2班',2024),
(94,101,'202425310214','数据科学与大数据技术','24数据科学2班',2024),
(95,102,'202425310215','数据科学与大数据技术','24数据科学2班',2024),
(96,103,'202425310216','数据科学与大数据技术','24数据科学2班',2024),
(97,104,'202425310217','数据科学与大数据技术','24数据科学2班',2024),
(98,105,'202425310218','数据科学与大数据技术','24数据科学2班',2024),
(99,106,'202425310219','数据科学与大数据技术','24数据科学2班',2024),
(100,107,'202425310220','数据科学与大数据技术','24数据科学2班',2024),
(101,108,'202425400101','人工智能','24人工智能1班',2024),
(102,109,'202425400102','人工智能','24人工智能1班',2024),
(103,110,'202425400103','人工智能','24人工智能1班',2024),
(104,111,'202425400104','人工智能','24人工智能1班',2024),
(105,112,'202425400105','人工智能','24人工智能1班',2024),
(106,113,'202425400106','人工智能','24人工智能1班',2024),
(107,114,'202425400107','人工智能','24人工智能1班',2024),
(108,115,'202425400108','人工智能','24人工智能1班',2024),
(109,116,'202425400109','人工智能','24人工智能1班',2024),
(110,117,'202425400110','人工智能','24人工智能1班',2024),
(111,118,'202425400111','人工智能','24人工智能1班',2024),
(112,119,'202425400112','人工智能','24人工智能1班',2024),
(113,120,'202425400113','人工智能','24人工智能1班',2024),
(114,121,'202425400114','人工智能','24人工智能1班',2024),
(115,122,'202425400115','人工智能','24人工智能1班',2024),
(116,123,'202425400116','人工智能','24人工智能1班',2024),
(117,124,'202425400117','人工智能','24人工智能1班',2024),
(118,125,'202425400118','人工智能','24人工智能1班',2024),
(119,126,'202425400119','人工智能','24人工智能1班',2024),
(120,127,'202425400120','人工智能','24人工智能1班',2024);

INSERT INTO semester (id, name, start_date, end_date, current_flag) VALUES
(1,'2025-2026-1','2025-09-01','2026-01-16',0),
(2,'2025-2026-2','2026-02-23','2026-07-03',1);

INSERT INTO course (id, code, name, credit, hours) VALUES
(1,'C20260001','程序设计基础',3.0,48),
(2,'C20260002','数据库系统',3.0,48),
(3,'C20260003','软件工程基础',3.0,48),
(4,'C20260004','数据结构',3.5,56),
(5,'C20260005','高等数学A',5.0,80),
(6,'C20260006','大学英语IV',2.0,32),
(7,'C20260007','机器学习导论',3.0,48),
(8,'C20260008','数据分析基础',3.0,48),
(9,'C20260009','人工智能导论',2.5,40),
(10,'C20260010','操作系统',3.5,56),
(11,'C20260011','体育IV',1.0,32),
(12,'C20260012','马克思主义基本原理',3.0,48);

INSERT INTO teaching_class (id, class_code, class_name, semester_id, course_id, teacher_id, capacity) VALUES
(1,'TC20260001','程序设计基础-24软件工程1班',2,1,1,45),
(2,'TC20260002','程序设计基础-24软件工程2班',2,1,1,45),
(3,'TC20260003','数据库系统-24软件工程3班',2,2,1,45),
(4,'TC20260004','软件工程基础-24软件工程1-2班',2,3,2,90),
(5,'TC20260005','数据结构-24软件工程3班',2,4,2,45),
(6,'TC20260006','高等数学A-24软件工程1-3班',2,5,3,120),
(7,'TC20260007','大学英语IV-24软件工程1-3班',2,6,4,120),
(8,'TC20260008','数据库系统-24数据科学1班',2,2,6,45),
(9,'TC20260009','数据分析基础-24数据科学1班',2,8,6,45),
(10,'TC20260010','数据分析基础-24数据科学2班',2,8,6,45),
(11,'TC20260011','高等数学A-24数据科学1-2班',2,5,3,90),
(12,'TC20260012','大学英语IV-24数据科学1-2班',2,6,4,90),
(13,'TC20260013','机器学习导论-24人工智能1班',2,7,5,45),
(14,'TC20260014','人工智能导论-24人工智能1班',2,9,5,45),
(15,'TC20260015','操作系统-24人工智能1班',2,10,5,45),
(16,'TC20260016','体育IV-24级选项班',2,11,4,120),
(17,'TC20260017','马克思主义基本原理-24级合班A',2,12,3,160),
(18,'TC20260018','马克思主义基本原理-24级合班B',2,12,3,120);

INSERT INTO teaching_class_student (teaching_class_id, student_id) VALUES
(1,1),
(1,2),
(1,3),
(1,4),
(1,5),
(1,6),
(1,7),
(1,8),
(1,9),
(1,10),
(1,11),
(1,12),
(1,13),
(1,14),
(1,15),
(1,16),
(1,17),
(1,18),
(1,19),
(1,20),
(2,21),
(2,22),
(2,23),
(2,24),
(2,25),
(2,26),
(2,27),
(2,28),
(2,29),
(2,30),
(2,31),
(2,32),
(2,33),
(2,34),
(2,35),
(2,36),
(2,37),
(2,38),
(2,39),
(2,40),
(3,41),
(3,42),
(3,43),
(3,44),
(3,45),
(3,46),
(3,47),
(3,48),
(3,49),
(3,50),
(3,51),
(3,52),
(3,53),
(3,54),
(3,55),
(3,56),
(3,57),
(3,58),
(3,59),
(3,60),
(4,1),
(4,2),
(4,3),
(4,4),
(4,5),
(4,6),
(4,7),
(4,8),
(4,9),
(4,10),
(4,11),
(4,12),
(4,13),
(4,14),
(4,15),
(4,16),
(4,17),
(4,18),
(4,19),
(4,20),
(4,21),
(4,22),
(4,23),
(4,24),
(4,25),
(4,26),
(4,27),
(4,28),
(4,29),
(4,30),
(4,31),
(4,32),
(4,33),
(4,34),
(4,35),
(4,36),
(4,37),
(4,38),
(4,39),
(4,40),
(5,41),
(5,42),
(5,43),
(5,44),
(5,45),
(5,46),
(5,47),
(5,48),
(5,49),
(5,50),
(5,51),
(5,52),
(5,53),
(5,54),
(5,55),
(5,56),
(5,57),
(5,58),
(5,59),
(5,60),
(6,1),
(6,2),
(6,3),
(6,4),
(6,5),
(6,6),
(6,7),
(6,8),
(6,9),
(6,10),
(6,11),
(6,12),
(6,13),
(6,14),
(6,15),
(6,16),
(6,17),
(6,18),
(6,19),
(6,20),
(6,21),
(6,22),
(6,23),
(6,24),
(6,25),
(6,26),
(6,27),
(6,28),
(6,29),
(6,30),
(6,31),
(6,32),
(6,33),
(6,34),
(6,35),
(6,36),
(6,37),
(6,38),
(6,39),
(6,40),
(6,41),
(6,42),
(6,43),
(6,44),
(6,45),
(6,46),
(6,47),
(6,48),
(6,49),
(6,50),
(6,51),
(6,52),
(6,53),
(6,54),
(6,55),
(6,56),
(6,57),
(6,58),
(6,59),
(6,60),
(7,1),
(7,2),
(7,3),
(7,4),
(7,5),
(7,6),
(7,7),
(7,8),
(7,9),
(7,10),
(7,11),
(7,12),
(7,13),
(7,14),
(7,15),
(7,16),
(7,17),
(7,18),
(7,19),
(7,20),
(7,21),
(7,22),
(7,23),
(7,24),
(7,25),
(7,26),
(7,27),
(7,28),
(7,29),
(7,30),
(7,31),
(7,32),
(7,33),
(7,34),
(7,35),
(7,36),
(7,37),
(7,38),
(7,39),
(7,40),
(7,41),
(7,42),
(7,43),
(7,44),
(7,45),
(7,46),
(7,47),
(7,48),
(7,49),
(7,50),
(7,51),
(7,52),
(7,53),
(7,54),
(7,55),
(7,56),
(7,57),
(7,58),
(7,59),
(7,60),
(8,61),
(8,62),
(8,63),
(8,64),
(8,65),
(8,66),
(8,67),
(8,68),
(8,69),
(8,70),
(8,71),
(8,72),
(8,73),
(8,74),
(8,75),
(8,76),
(8,77),
(8,78),
(8,79),
(8,80),
(9,61),
(9,62),
(9,63),
(9,64),
(9,65),
(9,66),
(9,67),
(9,68),
(9,69),
(9,70),
(9,71),
(9,72),
(9,73),
(9,74),
(9,75),
(9,76),
(9,77),
(9,78),
(9,79),
(9,80),
(10,81),
(10,82),
(10,83),
(10,84),
(10,85),
(10,86),
(10,87),
(10,88),
(10,89),
(10,90),
(10,91),
(10,92),
(10,93),
(10,94),
(10,95),
(10,96),
(10,97),
(10,98),
(10,99),
(10,100),
(11,61),
(11,62),
(11,63),
(11,64),
(11,65),
(11,66),
(11,67),
(11,68),
(11,69),
(11,70),
(11,71),
(11,72),
(11,73),
(11,74),
(11,75),
(11,76),
(11,77),
(11,78),
(11,79),
(11,80),
(11,81),
(11,82),
(11,83),
(11,84),
(11,85),
(11,86),
(11,87),
(11,88),
(11,89),
(11,90),
(11,91),
(11,92),
(11,93),
(11,94),
(11,95),
(11,96),
(11,97),
(11,98),
(11,99),
(11,100),
(12,61),
(12,62),
(12,63),
(12,64),
(12,65),
(12,66),
(12,67),
(12,68),
(12,69),
(12,70),
(12,71),
(12,72),
(12,73),
(12,74),
(12,75),
(12,76),
(12,77),
(12,78),
(12,79),
(12,80),
(12,81),
(12,82),
(12,83),
(12,84),
(12,85),
(12,86),
(12,87),
(12,88),
(12,89),
(12,90),
(12,91),
(12,92),
(12,93),
(12,94),
(12,95),
(12,96),
(12,97),
(12,98),
(12,99),
(12,100),
(13,101),
(13,102),
(13,103),
(13,104),
(13,105),
(13,106),
(13,107),
(13,108),
(13,109),
(13,110),
(13,111),
(13,112),
(13,113),
(13,114),
(13,115),
(13,116),
(13,117),
(13,118),
(13,119),
(13,120),
(14,101),
(14,102),
(14,103),
(14,104),
(14,105),
(14,106),
(14,107),
(14,108),
(14,109),
(14,110),
(14,111),
(14,112),
(14,113),
(14,114),
(14,115),
(14,116),
(14,117),
(14,118),
(14,119),
(14,120),
(15,101),
(15,102),
(15,103),
(15,104),
(15,105),
(15,106),
(15,107),
(15,108),
(15,109),
(15,110),
(15,111),
(15,112),
(15,113),
(15,114),
(15,115),
(15,116),
(15,117),
(15,118),
(15,119),
(15,120),
(16,1),
(16,2),
(16,3),
(16,4),
(16,5),
(16,6),
(16,7),
(16,8),
(16,9),
(16,10),
(16,11),
(16,12),
(16,13),
(16,14),
(16,15),
(16,16),
(16,17),
(16,18),
(16,19),
(16,20),
(16,61),
(16,62),
(16,63),
(16,64),
(16,65),
(16,66),
(16,67),
(16,68),
(16,69),
(16,70),
(16,71),
(16,72),
(16,73),
(16,74),
(16,75),
(16,76),
(16,77),
(16,78),
(16,79),
(16,80),
(16,101),
(16,102),
(16,103),
(16,104),
(16,105),
(16,106),
(16,107),
(16,108),
(16,109),
(16,110),
(16,111),
(16,112),
(16,113),
(16,114),
(16,115),
(16,116),
(16,117),
(16,118),
(16,119),
(16,120),
(17,1),
(17,2),
(17,3),
(17,4),
(17,5),
(17,6),
(17,7),
(17,8),
(17,9),
(17,10),
(17,11),
(17,12),
(17,13),
(17,14),
(17,15),
(17,16),
(17,17),
(17,18),
(17,19),
(17,20),
(17,21),
(17,22),
(17,23),
(17,24),
(17,25),
(17,26),
(17,27),
(17,28),
(17,29),
(17,30),
(17,31),
(17,32),
(17,33),
(17,34),
(17,35),
(17,36),
(17,37),
(17,38),
(17,39),
(17,40),
(17,61),
(17,62),
(17,63),
(17,64),
(17,65),
(17,66),
(17,67),
(17,68),
(17,69),
(17,70),
(17,71),
(17,72),
(17,73),
(17,74),
(17,75),
(17,76),
(17,77),
(17,78),
(17,79),
(17,80),
(17,81),
(17,82),
(17,83),
(17,84),
(17,85),
(17,86),
(17,87),
(17,88),
(17,89),
(17,90),
(17,91),
(17,92),
(17,93),
(17,94),
(17,95),
(17,96),
(17,97),
(17,98),
(17,99),
(17,100),
(18,41),
(18,42),
(18,43),
(18,44),
(18,45),
(18,46),
(18,47),
(18,48),
(18,49),
(18,50),
(18,51),
(18,52),
(18,53),
(18,54),
(18,55),
(18,56),
(18,57),
(18,58),
(18,59),
(18,60),
(18,101),
(18,102),
(18,103),
(18,104),
(18,105),
(18,106),
(18,107),
(18,108),
(18,109),
(18,110),
(18,111),
(18,112),
(18,113),
(18,114),
(18,115),
(18,116),
(18,117),
(18,118),
(18,119),
(18,120);

INSERT INTO class_schedule (teaching_class_id, day_of_week, start_section, end_section, start_week, end_week, classroom, location) VALUES
(1,1,1,2,1,16,'教1-201','公共教学楼'),
(1,3,3,4,1,16,'实验楼-B301','专业实验室'),
(2,2,3,4,1,16,'教2-202','公共教学楼'),
(2,4,5,6,1,16,'实验楼-C302','专业实验室'),
(3,3,5,6,1,16,'教3-203','公共教学楼'),
(3,5,7,8,1,16,'实验楼-A303','专业实验室'),
(4,4,7,8,1,16,'教4-204','公共教学楼'),
(4,1,9,10,1,16,'实验楼-B304','专业实验室'),
(5,5,9,11,1,16,'教5-205','公共教学楼'),
(5,2,11,13,1,16,'实验楼-C305','专业实验室'),
(6,1,11,12,1,16,'教1-206','公共教学楼'),
(6,3,13,14,1,16,'实验楼-A306','专业实验室'),
(7,2,1,2,1,16,'教2-207','公共教学楼'),
(7,4,3,4,1,16,'实验楼-B307','专业实验室'),
(8,3,3,4,1,16,'教3-208','公共教学楼'),
(8,5,5,6,1,16,'实验楼-C308','专业实验室'),
(9,4,5,6,1,16,'教4-209','公共教学楼'),
(10,5,7,9,1,16,'教5-210','公共教学楼'),
(11,1,9,10,1,16,'教1-211','公共教学楼'),
(12,2,11,12,1,16,'教2-212','公共教学楼'),
(13,3,1,2,1,16,'教3-213','公共教学楼'),
(14,4,3,4,1,16,'教4-214','公共教学楼'),
(15,5,5,7,1,16,'教5-215','公共教学楼'),
(16,1,7,8,1,16,'教1-216','公共教学楼'),
(17,2,9,10,1,16,'教2-217','公共教学楼'),
(18,3,11,12,1,16,'教3-218','公共教学楼');

INSERT INTO grade_record (teaching_class_id, student_id, regular_score, final_score, total_score) VALUES
(1,1,76,71,72.5),
(1,2,79,76,76.9),
(1,3,82,81,81.3),
(1,4,85,86,85.7),
(1,5,88,91,90.1),
(1,6,91,65,72.8),
(1,7,94,70,77.2),
(1,8,74,75,74.7),
(1,9,77,80,79.1),
(1,10,80,85,83.5),
(1,11,83,90,87.9),
(1,12,86,64,70.6),
(1,13,89,69,75.0),
(1,14,92,74,79.4),
(1,15,72,79,76.9),
(1,16,75,84,81.3),
(1,17,78,89,85.7),
(1,18,81,94,90.1),
(1,19,84,68,72.8),
(1,20,87,73,77.2),
(2,21,91,80,83.3),
(2,22,94,85,87.7),
(2,23,74,90,85.2),
(2,24,77,64,67.9),
(2,25,80,69,72.3),
(2,26,83,74,76.7),
(2,27,86,79,81.1),
(2,28,89,84,85.5),
(2,29,92,89,89.9),
(2,30,72,94,87.4),
(2,31,75,68,70.1),
(2,32,78,73,74.5),
(2,33,81,78,78.9),
(2,34,84,83,83.3),
(2,35,87,88,87.7),
(2,36,90,93,92.1),
(2,37,93,67,74.8),
(2,38,73,72,72.3),
(2,39,76,77,76.7),
(2,40,79,82,81.1),
(3,41,83,89,87.2),
(3,42,86,94,91.6),
(3,43,89,68,74.3),
(3,44,92,73,78.7),
(3,45,72,78,76.2),
(3,46,75,83,80.6),
(3,47,78,88,85.0),
(3,48,81,93,89.4),
(3,49,84,67,72.1),
(3,50,87,72,76.5),
(3,51,90,77,80.9),
(3,52,93,82,85.3),
(3,53,73,87,82.8),
(3,54,76,92,87.2),
(3,55,79,66,69.9),
(3,56,82,71,74.3),
(3,57,85,76,78.7),
(3,58,88,81,83.1),
(3,59,91,86,87.5),
(3,60,94,91,91.9),
(4,1,79,77,77.6),
(4,2,82,82,82.0),
(4,3,85,87,86.4),
(4,4,88,92,90.8),
(4,5,91,66,73.5),
(4,6,94,71,77.9),
(4,7,74,76,75.4),
(4,8,77,81,79.8),
(4,9,80,86,84.2),
(4,10,83,91,88.6),
(4,11,86,65,71.3),
(4,12,89,70,75.7),
(4,13,92,75,80.1),
(4,14,72,80,77.6),
(4,15,75,85,82.0),
(4,16,78,90,86.4),
(4,17,81,64,69.1),
(4,18,84,69,73.5),
(4,19,87,74,77.9),
(4,20,90,79,82.3),
(4,21,93,84,86.7),
(4,22,73,89,84.2),
(4,23,76,94,88.6),
(4,24,79,68,71.3),
(4,25,82,73,75.7),
(4,26,85,78,80.1),
(4,27,88,83,84.5),
(4,28,91,88,88.9),
(4,29,94,93,93.3),
(4,30,74,67,69.1),
(4,31,77,72,73.5),
(4,32,80,77,77.9),
(4,33,83,82,82.3),
(4,34,86,87,86.7),
(4,35,89,92,91.1),
(4,36,92,66,73.8),
(4,37,72,71,71.3),
(4,38,75,76,75.7),
(4,39,78,81,80.1),
(4,40,81,86,84.5),
(5,41,85,93,90.6),
(5,42,88,67,73.3),
(5,43,91,72,77.7),
(5,44,94,77,82.1),
(5,45,74,82,79.6),
(5,46,77,87,84.0),
(5,47,80,92,88.4),
(5,48,83,66,71.1),
(5,49,86,71,75.5),
(5,50,89,76,79.9),
(5,51,92,81,84.3),
(5,52,72,86,81.8),
(5,53,75,91,86.2),
(5,54,78,65,68.9),
(5,55,81,70,73.3),
(5,56,84,75,77.7),
(5,57,87,80,82.1),
(5,58,90,85,86.5),
(5,59,93,90,90.9),
(5,60,73,64,66.7),
(6,1,81,81,81.0),
(6,2,84,86,85.4),
(6,3,87,91,89.8),
(6,4,90,65,72.5),
(6,5,93,70,76.9),
(6,6,73,75,74.4),
(6,7,76,80,78.8),
(6,8,79,85,83.2),
(6,9,82,90,87.6),
(6,10,85,64,70.3),
(6,11,88,69,74.7),
(6,12,91,74,79.1),
(6,13,94,79,83.5),
(6,14,74,84,81.0),
(6,15,77,89,85.4),
(6,16,80,94,89.8),
(6,17,83,68,72.5),
(6,18,86,73,76.9),
(6,19,89,78,81.3),
(6,20,92,83,85.7),
(6,21,72,88,83.2),
(6,22,75,93,87.6),
(6,23,78,67,70.3),
(6,24,81,72,74.7),
(6,25,84,77,79.1),
(6,26,87,82,83.5),
(6,27,90,87,87.9),
(6,28,93,92,92.3),
(6,29,73,66,68.1),
(6,30,76,71,72.5),
(6,31,79,76,76.9),
(6,32,82,81,81.3),
(6,33,85,86,85.7),
(6,34,88,91,90.1),
(6,35,91,65,72.8),
(6,36,94,70,77.2),
(6,37,74,75,74.7),
(6,38,77,80,79.1),
(6,39,80,85,83.5),
(6,40,83,90,87.9),
(6,41,86,64,70.6),
(6,42,89,69,75.0),
(6,43,92,74,79.4),
(6,44,72,79,76.9),
(6,45,75,84,81.3),
(6,46,78,89,85.7),
(6,47,81,94,90.1),
(6,48,84,68,72.8),
(6,49,87,73,77.2),
(6,50,90,78,81.6),
(6,51,93,83,86.0),
(6,52,73,88,83.5),
(6,53,76,93,87.9),
(6,54,79,67,70.6),
(6,55,82,72,75.0),
(6,56,85,77,79.4),
(6,57,88,82,83.8),
(6,58,91,87,88.2),
(6,59,94,92,92.6),
(6,60,74,66,68.4),
(7,1,82,83,82.7),
(7,2,85,88,87.1),
(7,3,88,93,91.5),
(7,4,91,67,74.2),
(7,5,94,72,78.6),
(7,6,74,77,76.1),
(7,7,77,82,80.5),
(7,8,80,87,84.9),
(7,9,83,92,89.3),
(7,10,86,66,72.0),
(7,11,89,71,76.4),
(7,12,92,76,80.8),
(7,13,72,81,78.3),
(7,14,75,86,82.7),
(7,15,78,91,87.1),
(7,16,81,65,69.8),
(7,17,84,70,74.2),
(7,18,87,75,78.6),
(7,19,90,80,83.0),
(7,20,93,85,87.4),
(7,21,73,90,84.9),
(7,22,76,64,67.6),
(7,23,79,69,72.0),
(7,24,82,74,76.4),
(7,25,85,79,80.8),
(7,26,88,84,85.2),
(7,27,91,89,89.6),
(7,28,94,94,94.0),
(7,29,74,68,69.8),
(7,30,77,73,74.2),
(7,31,80,78,78.6),
(7,32,83,83,83.0),
(7,33,86,88,87.4),
(7,34,89,93,91.8),
(7,35,92,67,74.5),
(7,36,72,72,72.0),
(7,37,75,77,76.4),
(7,38,78,82,80.8),
(7,39,81,87,85.2),
(7,40,84,92,89.6),
(7,41,87,66,72.3),
(7,42,90,71,76.7),
(7,43,93,76,81.1),
(7,44,73,81,78.6),
(7,45,76,86,83.0),
(7,46,79,91,87.4),
(7,47,82,65,70.1),
(7,48,85,70,74.5),
(7,49,88,75,78.9),
(7,50,91,80,83.3),
(7,51,94,85,87.7),
(7,52,74,90,85.2),
(7,53,77,64,67.9),
(7,54,80,69,72.3),
(7,55,83,74,76.7),
(7,56,86,79,81.1),
(7,57,89,84,85.5),
(7,58,92,89,89.9),
(7,59,72,94,87.4),
(7,60,75,68,70.1),
(8,61,79,75,76.2),
(8,62,82,80,80.6),
(8,63,85,85,85.0),
(8,64,88,90,89.4),
(8,65,91,64,72.1),
(8,66,94,69,76.5),
(8,67,74,74,74.0),
(8,68,77,79,78.4),
(8,69,80,84,82.8),
(8,70,83,89,87.2),
(8,71,86,94,91.6),
(8,72,89,68,74.3),
(8,73,92,73,78.7),
(8,74,72,78,76.2),
(8,75,75,83,80.6),
(8,76,78,88,85.0),
(8,77,81,93,89.4),
(8,78,84,67,72.1),
(8,79,87,72,76.5),
(8,80,90,77,80.9),
(9,61,80,77,77.9),
(9,62,83,82,82.3),
(9,63,86,87,86.7),
(9,64,89,92,91.1),
(9,65,92,66,73.8),
(9,66,72,71,71.3),
(9,67,75,76,75.7),
(9,68,78,81,80.1),
(9,69,81,86,84.5),
(9,70,84,91,88.9),
(9,71,87,65,71.6),
(9,72,90,70,76.0),
(9,73,93,75,80.4),
(9,74,73,80,77.9),
(9,75,76,85,82.3),
(9,76,79,90,86.7),
(9,77,82,64,69.4),
(9,78,85,69,73.8),
(9,79,88,74,78.2),
(9,80,91,79,82.6),
(10,81,72,86,81.8),
(10,82,75,91,86.2),
(10,83,78,65,68.9),
(10,84,81,70,73.3),
(10,85,84,75,77.7),
(10,86,87,80,82.1),
(10,87,90,85,86.5),
(10,88,93,90,90.9),
(10,89,73,64,66.7),
(10,90,76,69,71.1),
(10,91,79,74,75.5),
(10,92,82,79,79.9),
(10,93,85,84,84.3),
(10,94,88,89,88.7),
(10,95,91,94,93.1),
(10,96,94,68,75.8),
(10,97,74,73,73.3),
(10,98,77,78,77.7),
(10,99,80,83,82.1),
(10,100,83,88,86.5),
(11,61,82,81,81.3),
(11,62,85,86,85.7),
(11,63,88,91,90.1),
(11,64,91,65,72.8),
(11,65,94,70,77.2),
(11,66,74,75,74.7),
(11,67,77,80,79.1),
(11,68,80,85,83.5),
(11,69,83,90,87.9),
(11,70,86,64,70.6),
(11,71,89,69,75.0),
(11,72,92,74,79.4),
(11,73,72,79,76.9),
(11,74,75,84,81.3),
(11,75,78,89,85.7),
(11,76,81,94,90.1),
(11,77,84,68,72.8),
(11,78,87,73,77.2),
(11,79,90,78,81.6),
(11,80,93,83,86.0),
(11,81,73,88,83.5),
(11,82,76,93,87.9),
(11,83,79,67,70.6),
(11,84,82,72,75.0),
(11,85,85,77,79.4),
(11,86,88,82,83.8),
(11,87,91,87,88.2),
(11,88,94,92,92.6),
(11,89,74,66,68.4),
(11,90,77,71,72.8),
(11,91,80,76,77.2),
(11,92,83,81,81.6),
(11,93,86,86,86.0),
(11,94,89,91,90.4),
(11,95,92,65,73.1),
(11,96,72,70,70.6),
(11,97,75,75,75.0),
(11,98,78,80,79.4),
(11,99,81,85,83.8),
(11,100,84,90,88.2),
(12,61,83,83,83.0),
(12,62,86,88,87.4),
(12,63,89,93,91.8),
(12,64,92,67,74.5),
(12,65,72,72,72.0),
(12,66,75,77,76.4),
(12,67,78,82,80.8),
(12,68,81,87,85.2),
(12,69,84,92,89.6),
(12,70,87,66,72.3),
(12,71,90,71,76.7),
(12,72,93,76,81.1),
(12,73,73,81,78.6),
(12,74,76,86,83.0),
(12,75,79,91,87.4),
(12,76,82,65,70.1),
(12,77,85,70,74.5),
(12,78,88,75,78.9),
(12,79,91,80,83.3),
(12,80,94,85,87.7),
(12,81,74,90,85.2),
(12,82,77,64,67.9),
(12,83,80,69,72.3),
(12,84,83,74,76.7),
(12,85,86,79,81.1),
(12,86,89,84,85.5),
(12,87,92,89,89.9),
(12,88,72,94,87.4),
(12,89,75,68,70.1),
(12,90,78,73,74.5),
(12,91,81,78,78.9),
(12,92,84,83,83.3),
(12,93,87,88,87.7),
(12,94,90,93,92.1),
(12,95,93,67,74.8),
(12,96,73,72,72.3),
(12,97,76,77,76.7),
(12,98,79,82,81.1),
(12,99,82,87,85.5),
(12,100,85,92,89.9),
(13,101,89,68,74.3),
(13,102,92,73,78.7),
(13,103,72,78,76.2),
(13,104,75,83,80.6),
(13,105,78,88,85.0),
(13,106,81,93,89.4),
(13,107,84,67,72.1),
(13,108,87,72,76.5),
(13,109,90,77,80.9),
(13,110,93,82,85.3),
(13,111,73,87,82.8),
(13,112,76,92,87.2),
(13,113,79,66,69.9),
(13,114,82,71,74.3),
(13,115,85,76,78.7),
(13,116,88,81,83.1),
(13,117,91,86,87.5),
(13,118,94,91,91.9),
(13,119,74,65,67.7),
(13,120,77,70,72.1),
(14,101,90,70,76.0),
(14,102,93,75,80.4),
(14,103,73,80,77.9),
(14,104,76,85,82.3),
(14,105,79,90,86.7),
(14,106,82,64,69.4),
(14,107,85,69,73.8),
(14,108,88,74,78.2),
(14,109,91,79,82.6),
(14,110,94,84,87.0),
(14,111,74,89,84.5),
(14,112,77,94,88.9),
(14,113,80,68,71.6),
(14,114,83,73,76.0),
(14,115,86,78,80.4),
(14,116,89,83,84.8),
(14,117,92,88,89.2),
(14,118,72,93,86.7),
(14,119,75,67,69.4),
(14,120,78,72,73.8),
(15,101,91,72,77.7),
(15,102,94,77,82.1),
(15,103,74,82,79.6),
(15,104,77,87,84.0),
(15,105,80,92,88.4),
(15,106,83,66,71.1),
(15,107,86,71,75.5),
(15,108,89,76,79.9),
(15,109,92,81,84.3),
(15,110,72,86,81.8),
(15,111,75,91,86.2),
(15,112,78,65,68.9),
(15,113,81,70,73.3),
(15,114,84,75,77.7),
(15,115,87,80,82.1),
(15,116,90,85,86.5),
(15,117,93,90,90.9),
(15,118,73,64,66.7),
(15,119,76,69,71.1),
(15,120,79,74,75.5);

INSERT INTO attendance_record (teaching_class_id, student_id, attendance_date, status, remark) VALUES
(1,1,'2026-03-09','NORMAL',''),
(1,2,'2026-03-09','NORMAL',''),
(1,3,'2026-03-09','NORMAL',''),
(1,4,'2026-03-09','NORMAL',''),
(1,5,'2026-03-09','NORMAL',''),
(1,6,'2026-03-09','NORMAL',''),
(1,7,'2026-03-09','NORMAL',''),
(1,8,'2026-03-09','NORMAL',''),
(2,21,'2026-03-09','NORMAL',''),
(2,22,'2026-03-09','NORMAL',''),
(2,23,'2026-03-09','NORMAL',''),
(2,24,'2026-03-09','NORMAL',''),
(2,25,'2026-03-09','NORMAL',''),
(2,26,'2026-03-09','NORMAL',''),
(2,27,'2026-03-09','NORMAL',''),
(2,28,'2026-03-09','NORMAL',''),
(3,41,'2026-03-09','NORMAL',''),
(3,42,'2026-03-09','NORMAL',''),
(3,43,'2026-03-09','NORMAL',''),
(3,44,'2026-03-09','NORMAL',''),
(3,45,'2026-03-09','NORMAL',''),
(3,46,'2026-03-09','NORMAL',''),
(3,47,'2026-03-09','NORMAL',''),
(3,48,'2026-03-09','NORMAL',''),
(4,1,'2026-03-09','NORMAL',''),
(4,2,'2026-03-09','NORMAL',''),
(4,3,'2026-03-09','NORMAL',''),
(4,4,'2026-03-09','NORMAL',''),
(4,5,'2026-03-09','NORMAL',''),
(4,6,'2026-03-09','NORMAL',''),
(4,7,'2026-03-09','NORMAL',''),
(4,8,'2026-03-09','NORMAL',''),
(5,41,'2026-03-09','NORMAL',''),
(5,42,'2026-03-09','NORMAL',''),
(5,43,'2026-03-09','NORMAL',''),
(5,44,'2026-03-09','NORMAL',''),
(5,45,'2026-03-09','NORMAL',''),
(5,46,'2026-03-09','NORMAL',''),
(5,47,'2026-03-09','NORMAL',''),
(5,48,'2026-03-09','NORMAL',''),
(6,1,'2026-03-09','NORMAL',''),
(6,2,'2026-03-09','NORMAL',''),
(6,3,'2026-03-09','NORMAL',''),
(6,4,'2026-03-09','NORMAL',''),
(6,5,'2026-03-09','NORMAL',''),
(6,6,'2026-03-09','NORMAL',''),
(6,7,'2026-03-09','NORMAL',''),
(6,8,'2026-03-09','NORMAL',''),
(7,1,'2026-03-09','NORMAL',''),
(7,2,'2026-03-09','NORMAL',''),
(7,3,'2026-03-09','NORMAL',''),
(7,4,'2026-03-09','NORMAL',''),
(7,5,'2026-03-09','NORMAL',''),
(7,6,'2026-03-09','NORMAL',''),
(7,7,'2026-03-09','NORMAL',''),
(7,8,'2026-03-09','NORMAL',''),
(8,61,'2026-03-09','NORMAL',''),
(8,62,'2026-03-09','NORMAL',''),
(8,63,'2026-03-09','NORMAL',''),
(8,64,'2026-03-09','NORMAL',''),
(8,65,'2026-03-09','NORMAL',''),
(8,66,'2026-03-09','NORMAL',''),
(8,67,'2026-03-09','NORMAL',''),
(8,68,'2026-03-09','NORMAL',''),
(9,61,'2026-03-09','NORMAL',''),
(9,62,'2026-03-09','NORMAL',''),
(9,63,'2026-03-09','NORMAL',''),
(9,64,'2026-03-09','NORMAL',''),
(9,65,'2026-03-09','NORMAL',''),
(9,66,'2026-03-09','NORMAL',''),
(9,67,'2026-03-09','NORMAL',''),
(9,68,'2026-03-09','NORMAL',''),
(10,81,'2026-03-09','NORMAL',''),
(10,82,'2026-03-09','NORMAL',''),
(10,83,'2026-03-09','NORMAL',''),
(10,84,'2026-03-09','NORMAL',''),
(10,85,'2026-03-09','NORMAL',''),
(10,86,'2026-03-09','NORMAL',''),
(10,87,'2026-03-09','NORMAL',''),
(10,88,'2026-03-09','NORMAL',''),
(11,61,'2026-03-09','NORMAL',''),
(11,62,'2026-03-09','NORMAL',''),
(11,63,'2026-03-09','NORMAL',''),
(11,64,'2026-03-09','NORMAL',''),
(11,65,'2026-03-09','NORMAL',''),
(11,66,'2026-03-09','NORMAL',''),
(11,67,'2026-03-09','NORMAL',''),
(11,68,'2026-03-09','NORMAL',''),
(12,61,'2026-03-09','NORMAL',''),
(12,62,'2026-03-09','NORMAL',''),
(12,63,'2026-03-09','NORMAL',''),
(12,64,'2026-03-09','NORMAL',''),
(12,65,'2026-03-09','NORMAL',''),
(12,66,'2026-03-09','NORMAL',''),
(12,67,'2026-03-09','NORMAL',''),
(12,68,'2026-03-09','NORMAL',''),
(13,101,'2026-03-09','NORMAL',''),
(13,102,'2026-03-09','NORMAL',''),
(13,103,'2026-03-09','NORMAL',''),
(13,104,'2026-03-09','NORMAL',''),
(13,105,'2026-03-09','NORMAL',''),
(13,106,'2026-03-09','NORMAL',''),
(13,107,'2026-03-09','NORMAL',''),
(13,108,'2026-03-09','NORMAL',''),
(14,101,'2026-03-09','NORMAL',''),
(14,102,'2026-03-09','NORMAL',''),
(14,103,'2026-03-09','NORMAL',''),
(14,104,'2026-03-09','NORMAL',''),
(14,105,'2026-03-09','NORMAL',''),
(14,106,'2026-03-09','NORMAL',''),
(14,107,'2026-03-09','NORMAL',''),
(14,108,'2026-03-09','NORMAL',''),
(15,101,'2026-03-09','NORMAL',''),
(15,102,'2026-03-09','NORMAL',''),
(15,103,'2026-03-09','NORMAL',''),
(15,104,'2026-03-09','NORMAL',''),
(15,105,'2026-03-09','NORMAL',''),
(15,106,'2026-03-09','NORMAL',''),
(15,107,'2026-03-09','NORMAL',''),
(15,108,'2026-03-09','NORMAL',''),
(16,1,'2026-03-09','NORMAL',''),
(16,2,'2026-03-09','NORMAL',''),
(16,3,'2026-03-09','NORMAL',''),
(16,4,'2026-03-09','NORMAL',''),
(16,5,'2026-03-09','NORMAL',''),
(16,6,'2026-03-09','NORMAL',''),
(16,7,'2026-03-09','NORMAL',''),
(16,8,'2026-03-09','NORMAL',''),
(17,1,'2026-03-09','NORMAL',''),
(17,2,'2026-03-09','NORMAL',''),
(17,3,'2026-03-09','NORMAL',''),
(17,4,'2026-03-09','NORMAL',''),
(17,5,'2026-03-09','NORMAL',''),
(17,6,'2026-03-09','NORMAL',''),
(17,7,'2026-03-09','NORMAL',''),
(17,8,'2026-03-09','NORMAL',''),
(18,41,'2026-03-09','NORMAL',''),
(18,42,'2026-03-09','NORMAL',''),
(18,43,'2026-03-09','NORMAL',''),
(18,44,'2026-03-09','NORMAL',''),
(18,45,'2026-03-09','NORMAL',''),
(18,46,'2026-03-09','NORMAL',''),
(18,47,'2026-03-09','NORMAL',''),
(18,48,'2026-03-09','NORMAL',''),
(1,3,'2026-03-10','ABSENT','未到课'),
(1,3,'2026-03-11','ABSENT','未到课'),
(1,3,'2026-03-12','ABSENT','未到课'),
(1,4,'2026-03-10','ABSENT','未到课'),
(1,4,'2026-03-11','ABSENT','未到课'),
(1,5,'2026-03-10','LATE','迟到'),
(1,5,'2026-03-11','EARLY_LEAVE','早退'),
(1,5,'2026-03-12','LATE','迟到'),
(1,5,'2026-03-13','EARLY_LEAVE','早退'),
(2,21,'2026-03-10','ABSENT','未到课'),
(2,21,'2026-03-11','LATE','迟到'),
(2,21,'2026-03-12','EARLY_LEAVE','早退'),
(3,45,'2026-03-10','ABSENT','未到课'),
(3,45,'2026-03-11','ABSENT','未到课'),
(3,45,'2026-03-12','ABSENT','未到课'),
(3,45,'2026-03-13','LATE','迟到'),
(6,2,'2026-03-10','LATE','迟到'),
(6,2,'2026-03-11','LATE','迟到'),
(8,61,'2026-03-10','ABSENT','未到课'),
(8,61,'2026-03-11','ABSENT','未到课'),
(9,62,'2026-03-10','EARLY_LEAVE','早退'),
(9,62,'2026-03-11','LATE','迟到'),
(9,62,'2026-03-12','EARLY_LEAVE','早退'),
(9,62,'2026-03-13','LATE','迟到'),
(11,81,'2026-03-10','ABSENT','未到课'),
(11,81,'2026-03-11','ABSENT','未到课'),
(11,81,'2026-03-12','ABSENT','未到课'),
(13,101,'2026-03-10','ABSENT','未到课'),
(13,101,'2026-03-11','LATE','迟到'),
(13,101,'2026-03-12','EARLY_LEAVE','早退'),
(14,102,'2026-03-10','LATE','迟到'),
(14,102,'2026-03-11','LATE','迟到'),
(14,102,'2026-03-12','EARLY_LEAVE','早退'),
(14,102,'2026-03-13','EARLY_LEAVE','早退'),
(16,1,'2026-03-10','LEAVE','请假'),
(16,1,'2026-03-11','LATE','迟到');

INSERT INTO academic_warning (teaching_class_id, student_id, warning_level, reason, status, generated_time) VALUES
(1,3,'HIGH','旷课 3 次；迟到/早退 0 次','OPEN','2026-03-15 09:00:00'),
(1,4,'MEDIUM','旷课 2 次；迟到/早退 0 次','OPEN','2026-03-15 09:05:00'),
(1,5,'MEDIUM','旷课 0 次；迟到/早退 4 次','OPEN','2026-03-15 09:10:00'),
(3,45,'HIGH','旷课 3 次；迟到/早退 1 次','OPEN','2026-03-15 09:15:00'),
(8,61,'MEDIUM','旷课 2 次；迟到/早退 0 次','OPEN','2026-03-15 09:20:00'),
(9,62,'MEDIUM','旷课 0 次；迟到/早退 4 次','OPEN','2026-03-15 09:25:00'),
(11,81,'HIGH','旷课 3 次；迟到/早退 0 次','OPEN','2026-03-15 09:30:00'),
(13,101,'LOW','旷课 1 次；迟到/早退 2 次','OPEN','2026-03-15 09:35:00'),
(14,102,'MEDIUM','旷课 0 次；迟到/早退 4 次','OPEN','2026-03-15 09:40:00');

INSERT INTO announcement (title, category, summary, content, source_url, status, pinned, publisher_id, publish_time) VALUES
('关于2026年春季学期选课结果核对的通知','NOTICE','','','https://www.scau.edu.cn/','PUBLISHED',1,1,'2026-03-01 09:00:00'),
('关于开展本科课堂教学秩序检查的通知','NOTICE','','','https://www.scau.edu.cn/','PUBLISHED',0,1,'2026-03-03 10:00:00'),
('2026年春季学期公共课考试安排公示','PUBLICITY','','','https://www.scau.edu.cn/','PUBLISHED',1,1,'2026-03-05 11:00:00'),
('关于召开本科教学质量分析会的通知','MEETING','','','https://www.scau.edu.cn/','PUBLISHED',0,1,'2026-03-07 14:30:00'),
('人工智能通识讲座报名通知','LECTURE','','','https://www.scau.edu.cn/','PUBLISHED',0,1,'2026-03-10 15:00:00'),
('关于课程补退选结果复核的公示','PUBLICITY','','','https://www.scau.edu.cn/','PUBLISHED',0,1,'2026-03-12 16:00:00');

INSERT INTO system_config (config_key, config_name, config_value, description) VALUES
('site.name','系统名称','智慧校园','展示在浏览器标题和侧栏品牌区'),
('semester.current','当前学期','2025-2026-2','首页与课表默认学期'),
('notice.review_required','公告发布审核','false','true 表示公告发布前需要复核'),
('weather.city','天气城市','广州','首页天气默认城市')
ON DUPLICATE KEY UPDATE
config_name = VALUES(config_name),
config_value = VALUES(config_value),
description = VALUES(description);
